age,weight,height,waist_circum,head_circum
4.219,15.5,103.3,47.5,49.8
4.326,17.6,103.9,49.8,50.6
4.476,23,111.2,52,51.2
3.841,16.5,99.7,49.1,48.9
3.46,15,99.7,46.5,47.3
3.723,17.9,98.7,50.3,51.3
3.394,13.4,94.1,45.9,50.7
3.608,13.5,93.3,46.1,49
5.58,19.4,116.4,50.7,52.9
5.23,18.8,110,53.5,52.4
4.893,16.5,109.4,52.1,49.9
13.561,35.1,149.3,64.1,53.8
13.736,49.9,157.8,66.4,53.2
13.953,55.8,161.8,72.3,54.9
13.397,68.5,157.7,87.6,51.7
13.345,40,146.8,65.2,51.2
12.539,48.4,156.3,69.5,60
12.413,35.9,152.8,61.2,54.7
13.884,37.8,148.5,62.6,54
12.868,35,145.1,60.3,51
12.772,43.2,157.6,64.4,54.7
11.928,42.5,149.4,69.6,53.3
12.706,34.1,139.9,64.6,50.8
12.767,41.6,143.9,76.1,52.9
12.095,49.6,152,78.3,56.6
14.471,54.8,168.7,68.8,55.2
13.55,60.6,174.2,74.2,55.8
12.145,36.8,154.1,58,51.8
12.199,44,158.9,63.6,54
13.832,41.5,155.8,63.5,55
12.312,42.9,158.8,67.8,53.3
12.917,40.5,155.6,59.8,53.1
13.364,85.8,167.5,98.3,55.3
14.213,43.6,153.3,67.1,51.6
13.452,44.4,154.4,66.8,53.2
13.523,53.6,159,69.4,54.2
13.915,50.8,161.8,70.1,54.9
13.731,51.7,165,68,56.4
14.309,31.6,138.8,58.7,50.4
12.95,66.4,162.2,86.7,55.2
13.726,36.5,151.4,62.1,53
12.906,53.5,155.6,65.9,53.4
13.926,49.8,154.4,73.2,52
13.657,34.9,155,57.7,53.6
12.619,34,144.3,61.6,52.4
13.635,77.3,175.8,84.8,54.7
13.953,55.3,168.3,66.3,53.9
13.038,62.6,171.2,73.2,55.9
12.098,37.1,142.2,64.1,53.6
12.235,58.4,154.2,84.2,56.1
12.712,37.1,144.7,62.6,50.6
10.134,33.4,144.2,60.6,50.8
10.079,35.1,136.3,61.1,52.8
5.976,19.6,114,51.2,52.1
6.531,22.2,120.6,50.4,51.4
11.723,41,147,64.1,54.6
5.761,18.1,112.1,45.8,53
5.024,15.8,106.1,44.5,51.6
8.775,30.6,130.5,62.4,53.7
9.109,32,136.7,57.6,52.4
10.079,28.2,130.4,56.7,52.6
7.32,23.7,120.8,51.9,50
6.893,41.2,120.4,75.2,53.2
11.197,30.9,138.3,59.3,52.2
8.693,32.6,140.3,55.5,51
8.197,32,131.9,59.4,53.6
7.197,20.5,119.1,52.4,49.6
7.676,23.5,125,55.3,51
8.841,24.4,125.3,53.7,51.7
8.482,26.7,133.2,54.2,51.6
7.58,23.5,118.2,59.3,51.6
7.361,28.3,128,59.3,50.1
11.98,35.5,148,64.7,51.6
5.073,17.6,108.7,52.2,49.8
6.767,25,123.4,55.4,53.1
6.802,26.6,126.7,58.2,50.7
4.989,16.1,114.5,49,49.8
8.394,19.6,111.5,50.5,49.3
8.808,22,126.4,52.2,50.7
8.838,38,136.6,70.2,53
8,21.1,123.9,51.6,50.3
11.345,35.2,149.8,57.7,53.8
9.723,25.6,127.2,56.3,54.1
10.473,46.5,143.3,77.3,54
11.498,52.6,150.8,76,55.2
12.221,54.5,150.6,90.3,54.2
10.712,30.6,140.1,55.6,54.5
10.542,59.2,144.9,87.3,55.9
9.75,31.1,138,55.2,52.7
10.073,30.4,136.5,55.6,51.2
10.715,31.6,139.8,55,50.6
12.975,30.7,137.5,56.4,53.7
11.372,38.8,148,64.4,53.9
12.172,40.6,149,64.6,53.9
11.205,40.2,144.3,65.1,54.7
11.024,41.5,154.6,63.2,55.2
11.731,39.2,148.7,62,54.8
11.835,34.4,145.2,59.5,53.1
11.873,35,153.2,59.4,53.5
9.695,26,133.5,52,49.1
9.027,34.8,129.2,63.5,53.6
9.83,33.5,136.6,62,52.4
10.087,42,150.3,61.5,56
10.657,46,156.7,68.1,57.3
10.284,25.5,125.8,57.9,51.6
10.383,36.2,147.7,61.6,54
11.282,36,140.5,68.1,53.3
11.06,33.2,138,63.8,49.9
11.857,35.3,142,62.5,52.6
11.52,50,150.3,77.3,52.4
5.145,17,106,54.9,49.9
15.605,33,147.3,56.9,53.8
16.654,75.6,182.9,76.4,59.9
17.402,80.1,182.4,80.3,58
17.504,75.4,172.3,78.1,56.9
17.92,78.7,180.3,84.6,58.5
17.356,67.1,173.3,73.2,56.2
18.6,80,186.6,80.5,60.7
16.986,106.2,184.8,106.3,60.3
17.347,73.1,180.9,73.9,60.1
16.734,70.7,175.3,79,57.6
18.539,46.6,154.3,71.1,53.6
17.668,50.9,167.1,66,56
16.254,61.3,170,67.7,56.2
15.082,56.7,166.9,76.5,56
15.071,65.4,172.2,73,60.5
16.676,60.5,169.3,76.5,58.4
16.517,49,162.1,70.9,55.5
14.61,48.5,156,62.1,54.3
14.356,51,158.2,71.9,55.6
15.468,50.2,162.6,69.5,53.7
15.526,52,154.1,72.1,54.2
16.92,58.2,169.7,79.5,53.6
17.463,41.1,154.9,67.4,52.8
15.693,50.7,157.7,70.4,52.9
16.158,45.2,156.2,66.5,56.5
16.01,47.5,163.3,68.5,53.2
18.06,49.5,154.3,68.3,54.6
17.602,52,152.4,69.4,58.2
15.761,47.7,153.2,69.7,55.7
15.693,46.5,154.8,73.1,56
17.257,52.9,157.7,68,55.2
18.021,44.5,160,66.5,51.8
16.202,46.4,156.8,71,52
15.956,57.7,160.7,71.6,55.7
14.843,58.3,170.1,74.6,54
14.8,51,160.7,69.6,55.2
17.254,58.1,161.6,72.4,54.6
15.709,48.2,166.1,71,52.5
16.024,74.8,162.7,105.4,55.9
20.054,63.5,174.4,75.9,57.5
14.917,62.8,169.6,85.9,56.3
16.983,96.4,183.1,98.5,58.8
14.832,39.2,155.8,58.9,54.8
14.265,47.4,168.2,65.1,53.9
15.205,53.5,181.4,65.8,53.5
15.747,81,179.5,91.1,58.4
15.002,51.7,164.5,67.1,60.7
18.641,65.1,172.8,74,56.4
16.18,58.1,172.3,67.7,57.6
16.978,63.9,172,74.9,57.8
16.473,79.5,175.5,75,60.9
17.452,69.6,172.7,73.9,56.2
14.345,39.5,154.6,61.5,53.1
17.668,50.3,167.1,75.7,53.5
16.339,72.5,162.9,88,57.7
16.643,50,164.4,70.6,54.2
17.868,44.7,157.4,72.1,54.7
15.43,55.2,162.2,71.9,56.2
4.961,19.6,106.2,50.9,50.1
4.356,18.2,107.8,48.7,49.9
4.632,23.3,116.6,52.6,51.7
3.972,17.4,103.9,49.7,49.7
2.854,15.4,93.6,47.1,47.1
4.18,16.2,105.2,49.6,49.5
3.569,17.7,103.3,52.6,51.8
3.939,13.6,99.9,44.4,47.8
6.498,20.3,115.9,52.4,52.6
8.482,54.2,138.3,85.5,54
8.715,31.3,129.4,63.6,52.2
8.241,28,129.1,56.2,52
8.164,27,130.3,57.9,53.2
6.224,23,119.3,54.8,51.2
6.961,43.6,125.3,84.5,54.8
8.369,22.5,140,52,54.9
8.745,34.3,130.6,59.7,54.2
7,24,122.9,52.9,51.2
6.786,26.5,130.9,55.8,53.7
6.846,28.8,129.7,53.3,50.8
6.205,20.1,118.3,46.5,48.5
6.427,20.6,118.4,50.7,50.2
7.638,23.5,122.3,50.2,52.1
5.947,17.1,110.1,44.4,49
5.75,18.4,110.4,45.9,48.1
6.071,15.6,102.9,46.6,50.3
6.506,32.9,123.6,63.1,54.4
7.361,26.1,127.5,53.1,50.1
8.704,24.4,128.5,53.8,51.7
7.512,27.6,122.2,54.8,52.1
6.6,23,123.1,54.2,51.3
6.654,17.5,109,49.8,48.4
9.621,38.4,141.2,63.6,52.1
7.621,22.8,122.1,53.6,51.9
7.961,28,134,55.6,51.5
7.569,20.8,119.7,50.4,50.4
7.838,20.6,122.8,45.4,49.6
7.397,20.7,117.4,52.2,48.8
6.323,28,125.3,59.4,51.5
8.254,24.3,120.4,56.5,51.3
8.282,24.1,131.5,49.8,50.2
8.569,28.8,135.6,56.6,52.7
7.254,29.4,121.4,63.8,50.7
5.523,20.7,113.3,51.1,51.1
5.98,21.7,112.9,51.1,53.1
6.912,24.5,119.2,50.3,51.2
7.986,22.5,124,54.1,51.4
8.789,32.8,135.8,58.3,51.2
7.131,20.2,122.8,50.9,50.9
8.726,25.7,134.3,52.9,50.9
6.09,21.4,116.5,51.8,52.7
7.482,34.4,133.5,66.4,51.5
7.227,21.8,123.7,52.2,49.2
5.786,29.9,127,65.3,53.4
5.331,18.5,105.3,50.9,49.2
6.238,20,117.9,50.8,48.3
7.441,24,125.8,53.1,52.7
5.52,21.3,112.8,54.1,50.4
3.786,13.8,95.7,44.8,46.5
4.846,16.5,106.3,46.9,50.1
5.057,18.7,109.4,49.3,50.7
4.684,16.8,106.2,48.3,50.8
3.731,16.2,102.2,48.7,51.4
3.432,13.7,98,44.8,49.8
2.852,12.7,92.2,41.3,47.1
2.684,12.5,94.4,46.2,47.8
4.408,18.8,107.5,50.2,50.7
5.679,19.3,110.2,50.9,48.6
4.605,18.2,110.7,48.1,49.6
4.284,15.3,99,51.4,48
5.964,20.9,115.9,55.3,52.1
3.126,14.9,94.7,48.2,48.2
4.441,21.6,113.3,48,53.7
4.172,16.8,105.4,48.2,49.4
4.69,23.5,113.1,58.1,54.1
4.145,16.7,106.6,50,48.9
4.43,20.4,113.1,52.2,51.1
4.654,36,118.6,77.4,53.4
4.597,17.7,108.6,49.4,50.6
4.8,16.2,102.7,49.1,48.5
4.443,16.2,101.4,46.5,48.9
4.03,13.9,98.8,45.7,50.9
5.027,18,117.6,50.2,54.3
4.432,22.7,111.9,58.5,52.8
3.668,17.7,103.5,50.7,49.8
3.115,15.7,97.2,47.9,52.7
3.008,15.1,95,48.1,52.5
4.076,19.5,107,51.9,50.8
4.194,17.2,112.3,48.8,51.5
4.843,19.7,112.6,51.8,50.5
4.643,16.7,105.8,48.3,48.8
4.608,16.3,108.8,48.2,47.5
4.153,16.6,97.6,50.7,48.1
3.054,11.4,88.4,46,46.2
5.276,18.9,110.6,52.9,51.2
4.901,16.8,97.9,53.8,48.3
7.539,28,133.3,57.8,52.3
8.12,21.4,120.7,51.8,52.1
11.556,45.7,144.8,72.9,53.5
17.545,72.8,182.9,77.2,56.8
17.235,60,175.7,68.4,55
13.038,49,157.8,68.8,57.2
14.441,66,156.2,89.5,55.3
14.326,43,162.2,58.5,52.1
15.657,56.1,171.5,71.1,56.5
17.991,62.7,174.8,71.8,58.5
12.931,36,147.9,57,52
7.43,26.3,128.5,51.8,52.1
5.402,18.8,111.3,51.3,50.6
4.78,17.8,109.2,49.3,50.8
14.375,49,158.5,69.2,53.1
14.912,49,162.8,64,58.1
13.863,53.6,167.7,69,53.2
14.241,54.6,173.8,70.8,56.1
11.734,32.8,148.1,59.7,50.7
3.953,16.3,105.4,49.8,51.4
5.531,23.2,119.8,55.6,52.8
12.594,37.4,151.4,61,55.9
7.38,25.4,125.1,56.5,51.1
7.808,17.6,115.9,46.3,51.2
9.512,29.8,134.3,57.1,53.1
9.819,33,142.7,55.7,54.6
10.92,32.4,142.2,59.1,50.3
10.641,34,140.9,59.6,52.3
11.901,39.3,147.2,62.9,52.8
11.389,29.4,133.4,60.9,51.8
9.476,22.5,125.4,52.3,49.2
9.682,34.2,135.7,59.2,54
5.69,17,113.3,50.1,49.2
7.523,22,118.6,51.1,50.5
5.72,18.7,115.4,48.6,52.5
6.153,16.3,106.3,50,49.2
11.89,47,155.1,64.4,55.5
11.841,42.8,154.6,65.3,53.2
7.068,20,113.8,51.3,49.3
6.336,17.4,111.4,46.7,48.8
8.517,27.4,128.5,54,50.8
8.69,30.5,135,59.8,51.3
5.52,20.3,116.6,53.2,50
5.189,18.1,105.2,51.2,48.5
9.008,25.6,130.8,53.4,49.4
4.789,18.6,108.9,51.6,51.5
7.213,26.3,121.3,58.4,51.5
13.199,43.3,160.2,58.5,53.9
11.323,44.9,149.7,64,54.7
2.073,11.3,84.6,45.7,46.7
6.257,24.3,128.2,53.7,52
3.126,16,98.3,47.9,51.1
9.906,26,134.4,53,49.7
8.276,22.4,118.1,55.6,48.8
5.101,16.5,102.5,48.4,49.2
14.073,50.9,158,70.1,52.7
13.854,42.7,153.6,62.3,53.3
10.038,35.9,136.6,63.9,54.4
11.964,29.2,132.8,60.5,50.7
2.238,13.8,85.8,47.6,49
4.504,18.1,111.3,49.8,50.9
9.652,30.4,141.8,56.7,51
9.953,32.5,132.2,60.9,53.7
10.386,29.3,136.8,56.3,51.1
7.61,18.2,111.9,47.2,51.5
8.019,49.9,138.7,83.8,53.2
8.104,30.1,123.4,66.8,50.8
11.076,48.3,153.6,73.7,53.9
10.657,31.6,135.1,59,53.8
10.358,40,130.6,79.3,52
10.843,41,137.4,74.3,52.9
10.506,39.1,147,66.5,54.2
8.608,31,132,60,51.1
9.093,24.5,131.5,52.6,51.3
8.515,26.5,134.9,52.4,51.2
6.167,20,116.4,51.1,49.3
5.947,19.9,110.9,49.9,52.7
7.238,27,126.8,58.4,52.8
6.399,27.8,121.1,58.7,51.3
7.284,26.1,122.6,57.8,51.3
5.841,19.1,114.8,52,49.9
5.306,23.4,116.1,55.1,51.4
6.964,19.2,119.9,52.7,50.8
6.58,25.5,124.3,57.9,53.3
9.241,32.2,138,58.2,54.4
9.241,34.1,141.9,58.2,53.2
10.386,32.6,137.6,59.1,52.9
10.917,34.2,140.6,60.2,51.7
10.72,44.8,147.7,69,54.3
9.254,29.5,133.5,55.4,53.7
7.405,22.1,122.7,53.6,50.6
9.23,27.6,133.4,57.1,51.4
8.156,27.6,133.7,55.6,51.3
8.487,37.9,134.4,68,54.6
8.78,29.8,136.3,57.8,52.9
9.019,25.4,127.2,52.4,51.6
8.969,27.5,129.7,57.5,50.1
8.989,28.5,131.4,59.2,50.3
9.008,26.2,130.1,57.1,49.7
8.498,23.7,122.8,55.5,51.1
11.931,38.6,149.3,63.8,55.1
11.391,26.5,142.6,57.7,51.3
5.887,20.6,118,51.6,51.1
6.115,18.8,113,53.6,48.5
6.246,15.7,104.4,45.5,49.5
6.843,23.6,118,55.7,50.7
7.263,27.7,126,59.8,52.7
7.43,23,123.6,50.4,50.6
7.863,28.6,127.9,59,50.3
11.169,32.4,143.5,55.9,50.6
10.676,20.7,122,48.7,49
10.41,39.6,135.3,72.5,51.6
10.364,30.5,140.2,58.3,49.3
7.394,24.2,122.3,54.4,50.7
7.435,24.8,126,55.5,52
9.81,26.8,134.7,54,49.5
10.254,42.8,138.4,76.4,53.5
9.334,24.6,121.5,57.9,49.3
9.621,31.1,132.9,61.8,52.1
5.386,16.5,108,49.4,48.7
5.975,23.2,115.4,58.7,49.9
7.723,25.9,124.6,60.4,50.3
7.506,19.6,123.3,52.3,48
12.057,47.4,149.2,76.3,52.2
12.936,43.1,158.3,66.4,55.2
6.769,17.4,111.4,47.8,48
6.427,20.3,115.6,50.3,49.1
8.652,31,134.1,58.5,54.4
11.232,54.9,148.4,87.8,57.3
11.742,43.6,150.8,72.8,51.8
12.312,33.1,150,58.9,53.4
11.452,38.3,145.1,60.3,55.2
12.572,46.3,155.4,70.9,54.9
9.49,30.8,137.2,53.8,52.9
6.865,20.9,112.6,54.6,49.5
5.586,22.6,119.5,52.4,53.9
14.317,52,163.5,74.1,54.4
13.665,56.5,160.3,71.8,51
13.419,43.4,163,63.3,53.6
9.873,24.2,128.6,51.8,51.8
7.361,25.5,133.8,54.2,51.5
9.852,31,141.5,58.5,53.3
13.63,57.5,166.1,71,57
12.526,47.8,156.5,67.7,53.4
13.093,40.3,153.6,63.6,51.2
13.252,47.4,158.4,66,55.8
11.336,36.4,149.4,60.5,53.1
11.224,36.9,148.9,64.6,53.5
12.624,43.7,162.2,66.5,54.5
14.221,53.3,163.1,67.7,51.8
12.556,54.6,158.8,73.2,53.5
12.594,51.5,152.4,75,53.8
12.408,47.2,159.9,67.1,55
12.854,33.9,141.7,59.4,52.2
11.334,30.6,137,55.3,51.7
11.347,64.5,154.5,85.2,55.9
11.912,60,163.4,77.8,55.5
12.591,56.5,159.4,81.3,53
11.61,42.7,153.1,61.3,52.9
7.613,40.6,138.6,67,53.2
7.539,24.2,125.4,53.9,51.2
9.317,35.9,140,66.8,53.6
10.043,39,144.8,64.3,50.9
10.742,31.3,138.5,59.3,52.6
9.484,26.5,129.9,56.3,52.8
9.832,29.1,133.6,62.7,50.9
10.421,47,146.2,67.9,53.8
10.219,36.6,147.6,62.5,52.7
12.495,42.8,152.8,65.4,52.2
7.219,25.3,124.9,55.7,52.2
6.528,22.7,122.6,56.4,52.7
12.471,32.9,152.6,54.7,49.5
13.219,38.5,151,63.2,50.8
13.139,42.8,168.9,57.5,53.2
11.079,35.5,144.1,58.7,51.9
10.61,32,136.5,59.9,51.2
10.216,35,148.3,62.6,52.5
11.652,47,156.1,66.8,52.9
9.041,29.7,135.6,60.7,51
9.21,35.3,135.8,67.2,51.2
6.684,24,118.7,59.9,50.7
7.153,23,118.7,52.5,51.3
10.824,30.2,141.1,54.2,52
10.61,34.2,149.1,57.4,51.8
10.731,36.4,148.5,60.5,51.3
10.736,30.5,135.1,61.8,49.6
5.838,22.2,116.1,56.9,50.8
6.139,19.1,117.2,50.5,51.5
11.52,28.1,133.4,58.4,52.8
11.871,34.7,149,57.2,52.2
10.435,48.3,155.9,70.9,55
10.997,45,147.9,74,56.7
5.821,22.2,120.2,52.6,52.8
5.273,25.1,119.5,56.3,53.3
7.178,18,112.5,50.1,51.3
6.441,25.2,123.8,54.9,51.1
6.216,23.3,119.2,54.3,50.7
9.397,28.5,135.2,55.4,52.3
9.515,33.6,150.1,56,53.5
5.446,19.1,109,50.9,52.6
6.049,20.7,113.3,52.8,52.7
10.495,27.7,130.6,56.5,50.8
10.838,32.2,141,57.4,54.8
11.167,36.3,138.9,61.2,53.5
8.052,35.5,130.4,60.2,52.5
8.279,46,136.8,81.2,54.9
12.49,43.4,141.3,71.2,52.9
5.645,20.4,107.7,49.6,49.1
5.484,16.7,107.4,45.7,48.3
5.235,20.1,109.9,50,51.8
5.441,20.6,113.9,54.5,51.3
5.438,20,109,52.1,51.4
6.167,20.1,114.6,53.8,52.5
6.189,23.5,120.7,54,51.7
5.578,20,112.5,50.2,50.1
7.547,25.3,126.9,55.9,49.7
3.704,13.7,97.4,48.9,50
6.29,16.4,110.5,45.9,50.8
4.873,16.9,105,50,50.9
3.783,16.1,103.8,48.2,51.3
7.698,22.1,117.3,51.7,49.8
8.46,24.6,126.6,55.4,50.7
9.257,27.6,136.8,53.6,52.7
9.734,30.5,136.7,61.5,52.4
11.917,44.3,150.6,70.7,53
6.591,18.8,110.5,52.4,50.2
8.01,18.2,114.5,48.1,47.8
6.802,31,123.5,68.1,51.1
10.073,27.1,135.6,58.2,50.8
11.884,33.3,146.2,58.5,51.9
11.945,47.5,155.2,78.4,52
11.41,25.1,132.1,54.1,50.4
12.109,26.1,137.5,53.4,49.6
6.331,20.8,114.2,50.4,49.6
6.882,24,118,56.6,52.1
7.654,23.7,121.8,54.7,51.6
11.284,30.9,135.6,56.2,53
11.413,32.4,143.4,54.2,51.5
12.054,47.4,153.4,71.8,53.5
11.454,31.9,143.7,57.1,52.3
12.134,43.6,147.3,70.7,54.7
11.575,32.3,146.7,62.2,52.5
11.232,28.3,140,56,52
13.652,43.7,152.3,63.1,53.9
14.202,55.6,158.7,75.2,55.5
13.715,51.8,168.5,62.4,55.1
14.608,52.6,164.1,70.7,54.3
13.632,29.8,148.4,62.2,54.7
14.035,43.4,162.2,63.4,52.6
13.657,41.3,156.5,61.5,52.3
13.575,58.6,173.1,67.4,56.1
13.216,37.6,143.6,59.7,52
13.356,43.4,154.3,65.4,52.6
12.6,35.8,152.6,64.1,53.8
12.523,46.2,154.3,75.8,53.5
12.739,53,161.6,69.1,54.3
13.931,43.8,161.3,63.5,53
13.465,43.4,147.3,70,54.6
13.687,45.7,158.1,61.1,53.5
13.616,49,155.4,69,55
13.539,45.2,169,68.6,52
14.156,67.6,174.3,93.1,55.9
12.164,48.5,159.9,70.1,53.4
11.547,33.6,138.2,61,52
11.931,37.3,151.9,66.2,50.7
12.093,49.4,155.8,72.1,55
7.041,19.6,117.9,49.9,51.7
6.282,21.5,119.1,48.3,51.4
9.915,34.9,142.6,59.8,51.3
10.473,29.5,138.1,51.2,54.1
12.104,43.6,148,63.7,56.7
5.405,17.7,109.6,47.8,50.8
11.252,33.6,140.7,58.3,54.4
7.539,25.1,126.4,57.7,52.6
7.515,25.4,126.9,54,53.5
10.769,32.1,143.7,59.6,54.1
6.482,21.4,114.7,53.9,52.1
6.304,28.8,123,63.4,52.7
7.72,28.5,128.1,62.1,50.6
7.328,22.8,118.4,50,51.8
7.931,29.6,127.1,68.7,52.9
8.695,24.5,127.6,51.7,53.8
9.479,39,149.9,60.1,53.5
9.399,30.6,138.5,67.4,53.3
11.084,45.5,153,70.8,52.8
11.15,32.1,147.5,62.9,51.7
12.054,42.4,159.9,66.5,53.9
10.569,60.8,156.6,83.2,53
10.243,42.3,150.1,70.4,51.8
10.742,28.8,140.7,57.8,49.7
10.375,45.4,159,67.6,52.1
5.424,19.6,112.1,50.2,49.9
5.832,17.5,111.3,46.7,49.4
6.545,20.9,117.6,50.6,52.1
6.778,29.5,132,55.9,51.7
11.495,52.5,148.4,79.7,53.7
10.909,32.7,143.7,59.3,51.6
10.646,34.4,142.1,63.9,53.4
6.271,19.8,118.1,52.3,52.3
9.821,24.8,130.8,50.9,52.1
11.241,35.8,140,62,53.5
9.479,35.1,145,61.1,53.6
7.665,31,129.8,57.3,51.3
10.076,22.2,125.9,51.4,49
11.191,39,147.3,69.8,52.9
10.26,30.1,139.1,53.2,50.2
11.082,39.3,146.9,67.4,53.7
8.594,27,129.9,55.2,52.2
11.419,44.8,155,69.9,54.2
10.317,35.2,142.6,60.3,51.9
10.821,39.2,146.2,66.2,51
10.358,30,136.6,58.2,52.5
7.339,31.2,128,63.4,53.1
11.854,43.3,149,68.1,52.6
11.668,43.1,151.3,64.9,51.2
6.002,20.5,111.2,52,48.9
5.463,19,110.3,52,49.1
6.167,18.2,117.3,48.9,49.1
7.106,20.4,116.6,52.4,49.7
10.29,30.7,138.6,54.4,55.6
10.942,42.7,148.5,70.3,54.1
6.939,21.4,118,51.3,53.2
6.506,22,121.5,49,49.3
9.41,36.5,138.7,67.2,53.2
10.038,28.6,130.4,56.5,50.4
11.375,33.2,136.1,57,51.9
11.827,34,146.8,60.2,53
6.115,19.6,112.7,49.3,48.6
9.695,39.4,150.8,65.2,52.2
9.358,34.4,137.8,65.8,53
9.61,22.8,124.5,53.4,48.8
9.578,32,138.1,60.5,49.8
9.665,32,136.2,60.2,49.7
9.745,40,141.7,67.2,52
10.756,23,133.5,51.3,48.6
9.904,29.1,142.1,51.7,51.2
8.778,29.2,129.9,66.9,51.3
8.854,24.1,126.2,54.3,48.9
8.641,23.2,127,52.5,50.8
7.397,18.1,109.2,50.7,50.5
7.956,38.7,140.5,68.3,52.4
7.704,28.9,128.5,56.3,52.1
8.457,22.9,120.1,53.4,48.5
9.369,36.2,139.6,64.6,54.3
10.271,33.7,144.1,54.8,51.7
8.824,29.2,136.1,58.7,51.7
9.76,30.2,134.7,54,51.3
9.761,27.1,136.7,53,51.3
9.465,31.8,133.5,63.6,53.8
10.071,36.5,143.6,57.5,53.5
10.734,51.4,146.4,83.3,52.9
9.728,35,139,61.6,52.2
9.797,35.5,137.9,59.2,54.8
2.597,12.2,86.7,44.4,46.5
5.695,22.5,124.1,51.9,52.9
6.013,19.1,110.9,51.5,49.8
4.6,16.6,108.6,46.1,50.8
3.767,13.2,93.2,47.1,50.3
2.495,14.1,93.8,43.3,52.2
2.857,14.8,94.8,44.4,49
3.364,14.8,98.7,47.8,50.1
4.734,16.4,105.9,48.3,49.4
2.243,11.9,87.5,46.2,46.6
4.197,14.5,100,46.9,47.8
4.079,19.4,109.8,53.9,51.3
4.079,15.5,97.8,46.8,49.7
2.424,14,92.3,45.3,50
2.983,14,91.7,44.9,51
2.054,12.4,84.2,46.9,47.3
3.487,14.2,91.8,50.8,50.3
3.824,15.5,102,45.9,49.6
4.287,17,106,49.3,50.4
3.671,14,93.6,46.5,49.7
4.895,19.4,109.5,49.7,49.5
3.621,14.3,98.4,47.2,51
3.986,17.8,101.5,50.1,50.1
2.32,14.3,89.5,49.3,48.4
2.465,13.8,87.6,48.6,49.4
2.386,15.6,91,51.7,50.4
3.638,18.5,103.7,52.1,52.2
3.504,13.6,94.7,47.2,46.4
3.008,16.2,99.7,50.6,50.1
4.227,14.9,98.8,46.8,48.8
3.397,16.1,97.2,48.2,51.4
3.586,14.4,98.2,47.2,49
3.29,18.7,100.3,50.6,51.5
2.032,14.2,87.9,51,49.7
2.547,14.8,97.4,50.6,51
2.241,10.5,83.8,44.1,47.2
3.468,15,97.2,47.1,50.3
2.383,13.1,92.1,44.8,48.7
13.367,49.1,153.3,69.5,53.9
13.386,46.1,158.4,65.7,53.9
13.942,71,159.8,93.7,57.4
14.457,39.2,153.2,61,53.6
13.295,56,166.7,70.6,53.4
13.75,42.3,157.7,63,55.1
13.304,71.8,153.1,83.1,57.5
14.268,68,159.7,87.6,52.9
13.391,40.8,153.8,61.4,56.1
12.578,30.8,140.4,62.2,49.7
12.498,48,150.6,69.2,54.7
15.424,52.4,159.1,70.8,56.4
13.301,51.2,166,64.5,54.6
13.997,58.1,168.8,71.7,54.4
14.745,40.6,158.7,59.7,53.6
13.504,53,163.9,67.4,56
13.082,38.9,154.3,61.9,52.8
13.183,54,165.9,69.5,55.9
13.509,46.1,146.6,62.2,54.2
12.621,43.4,153.2,66.5,52.7
13.463,40,146,58.9,54.9
13.265,31.3,142.8,55.5,56.5
13.857,70,170.7,74.1,56.9
13.789,42.6,154.6,64.3,52.3
13.531,45.4,162.9,65.1,53.8
13.856,49.5,150.6,73.4,52.7
14.254,69,168.1,87.6,59.8
14.75,53,166.9,69.7,55.3
14.372,63.3,173.4,69.1,60.7
14.268,60.4,167.3,71.2,56.6
13.602,38.1,146.6,64.5,53.7
13.728,52.8,162.7,71.7,55.1
13.575,45.4,157.5,63,52.2
4.838,18.9,108.9,49.8,51.1
3.983,15.8,104,46.8,47.8
3.868,15.6,106,45.3,51.1
5.315,17.3,103.1,53.5,46.6
4.747,17.8,106.5,50.3,50.6
4.079,14.6,105,45,47.6
2.175,12,85.8,47.5,49.4
3.769,13.7,96.3,46.5,48.5
3.55,14.7,98.3,48.9,50.8
3.361,12.9,93.8,44.6,47.9
6.224,18,110.1,50.9,50.4
5.726,14.8,106.1,45.6,48.9
3.257,15.9,98.7,48.8,48.9
2.482,10.7,83.3,42.8,45.8
2.367,10.8,88.8,42.1,48.8
2.539,19.4,102.9,50.9,51.9
2.849,14.9,94.1,48.6,49.5
2.863,15.5,95.8,49.3,46.7
4.246,16.2,103,49.2,50.4
2.841,13.2,91.8,48.7,50.8
2.857,15,94.3,50.9,49.5
2.786,13.5,89.3,48.8,48.8
5.983,19.1,117.4,45.1,51.9
5.452,15.5,103.3,50.7,50.1
18.126,71.4,175.6,78.9,55.8
18.213,80.5,185.3,83.2,58.4
18.038,67.3,173.2,77.2,57.6
17.956,67,171.2,75.8,57.2
15.742,53.7,165.5,70.9,54.3
16.515,73.8,173,80.8,58.5
17.334,74.7,174.6,81.7,56.2
14.673,71.5,165.5,83.4,55.9
17.616,72.4,182.2,84.3,57.7
17.147,46.8,167.2,63.5,51.2
17.975,43.9,157.1,62.5,53
17.035,64.2,180,70.8,56
14.534,44.9,158,66.5,55.9
15.183,61.8,169.5,72,55.8
15.989,46.2,151.7,64,51.5
15.967,72,174.7,82.7,56.6
14.816,57.1,173.4,68.4,56.2
14.309,58.7,171.6,70.3,57.3
16.186,63.1,165.3,81.2,54.6
14.736,45.7,162.4,63.4,51.7
15.994,66.2,177.6,73.7,56.3
14.32,48.8,160.6,65.9,52.8
15.145,50.6,163.2,68.2,54.9
15.073,67.4,170.1,75,57.4
18.265,70.1,171.2,72.6,54.4
16.383,55.5,165.4,71.6,53.7
15.238,52.5,159.7,68.2,54.5
14.482,50.1,164.5,65,53.6
16.487,50.7,163.5,62.4,52.3
16.515,50.6,163.3,66.7,54.4
15.323,64.7,176.6,72.4,56.5
15.408,66.8,158.3,85.7,56.7
15.194,55.3,157.6,67.9,52.4
15.558,54.4,161.1,70.4,52
17.778,50.4,169.4,68.5,51.3
18.147,49.7,153.8,71.2,52.6
16.753,50.6,152.6,66.7,52.1
16.597,44.8,156.8,66.9,51.1
16.712,55,162.5,68.4,55
16.46,43.7,157.4,63,53.4
18.073,52.8,156.7,70.7,54.6
17.457,62.9,167.7,79.8,53.5
16.32,50.1,157.9,68,52.9
15.419,49.4,154.1,64.1,53.6
15.104,51.3,162.4,72.7,53.1
17.701,55.2,163.4,62.9,53.4
17.473,53.3,166.3,63.1,54.5
14.756,44.3,150.6,65.5,53.2
13.663,48.4,161.3,61.8,54.8
14.454,41.9,153.1,61,53.8
13.542,41.7,150.3,60.9,51.9
13.975,48.8,156.5,64.9,55.9
14.197,54.8,175.7,64.5,54.4
13.26,43.7,144,63,54.4
12.468,43.8,146.4,64.4,54.9
13.75,50.9,157.8,69.1,54.3
14.778,45.1,159.1,61.8,54.8
14.194,52,160.5,65.6,54.9
12.78,44.4,162.7,66.1,53.9
12.435,47.1,151.2,69.5,55
13.391,38.5,154.7,64.8,52.5
12.361,41,155.6,61.1,53
12.306,44.7,146.9,70.3,54.1
14,36.9,153.6,57.9,55.6
13.361,40.2,149.7,60.8,54.8
12.501,53.5,159.8,62.6,54.8
13.534,39.1,151.2,63.9,50.4
12.336,32.7,141.5,57.6,52.5
13.134,26.5,134.1,53,48.1
12.641,41,157.2,64.2,52.9
7.087,28.1,133.3,56.1,52.2
6.789,20.9,118.2,53.3,53
7.279,26.1,129.4,55.2,50.3
6.512,16.8,112.2,45.3,48.7
6.558,19.9,113.8,48.9,52.5
6.813,21.2,122.5,50.4,48.6
8.063,27.5,133.7,55.9,51.8
7.712,24,126.4,51.1,51.1
6.452,21.1,114.7,55.3,53
6.323,20.6,115,51.5,50.8
7.339,24.3,125.4,56.7,51.6
8.317,24.3,124,53.2,49.7
7.452,31.2,132.2,64.3,51.1
7.934,36.9,134.9,71.6,53.6
11.624,39.1,147.6,64.6,52.5
11.873,29.3,141.7,57,51
11.134,37.5,138.3,70.7,52.8
9.315,29.5,127.5,61.2,53.5
8.8,30.2,133,59.3,53.8
8.506,28.2,130,60.3,53.2
8.534,40.5,136.4,73.8,53.3
8.876,29.5,132.7,60.4,51.7
8.854,21.3,130.6,50.8,52
8.879,27.1,127.5,54.4,50.5
8.72,23,126.6,50.3,48.5
9.506,33.1,143.5,65.3,53.3
10.873,53.3,152,68.2,53.7
9.86,26.1,127.4,56.6,52.9
10.309,26,133.2,53.7,53.8
9.747,32.7,134.1,59.8,52.3
6.334,20,119.5,51,51
6.632,28.1,129.2,55.8,52.4
15.372,76.3,176.5,90.3,56.4
16.268,67.7,169.3,86.6,57.3
14.591,59.9,170.9,76,59.6
16.945,76.7,163.1,85.3,56.3
14.43,67.1,173.1,76.6,57.8
15.287,56.7,161,66.4,55
15.043,56,164.6,78.7,54.9
15.545,52.9,159.5,67.6,55.4
8.827,30.7,129,66.3,54.2
8.013,27,131.8,52,51.8
7.734,29,127.3,58.7,54.2
11.241,56.4,145.3,86.8,55.9
10.906,32.9,142.4,56.3,55.1
10.805,31.5,138.9,59.5,53.6
7.336,25.4,129.4,55.7,52.1
9.263,27.6,126.5,58,48.9
6.523,19.8,115.2,50.6,51.1
6.671,22.1,117,51.2,54.2
6.608,22.9,120.5,54,48.8
17.367,58,170.5,76.9,55.3
15.21,61.3,160.4,79,53.3
15.126,91,164.3,100.3,54.1
17.265,51.2,156.5,69.5,51.6
14.912,48.2,161.5,63.9,59
15.115,63.2,167.6,72.5,52.8
14.89,52.5,159,69.4,54.5
15.276,65.3,177.4,70.9,55.7
14.383,43.3,157.9,62,51.4
16.167,68.6,169.5,77.3,55.3
14.542,39.1,146.4,63.2,52.4
14.454,52.7,162.8,67.1,53.5
15.079,60.3,179.3,66.2,52.7
15.358,67.9,169.9,80.4,55.7
16.465,92.9,173.2,94.2,59.7
14.969,47.4,164,65.8,54.6
14.619,52.6,165.5,66.5,55
15.172,51.5,165.1,64.9,55.3
15.038,85.4,169.6,94.6,54.4
17.224,57.4,165.7,75.1,54
14.367,49.5,159.2,65.7,57
14.591,51,157.9,70.5,54.3
17.926,80.6,185.1,79.5,57.2
16.156,51.8,164.6,65.9,53.5
18.276,91.3,177.7,93.1,58
11.964,40.6,148.2,65,51.7
11.068,29.4,137.8,57.2,55.2
16.221,86.1,172.8,89.5,59.8
18.602,70.1,178.9,76.1,57.9
18.424,81.3,168.7,96.2,54.9
18.219,84.5,178.6,87.1,58.7
16.865,62,171.8,71.4,56.8
17.558,60,169.8,71.1,53.7
17.501,68,179.9,74.1,59.1
16.227,65.2,180.2,72.8,55.2
17.309,72.9,177.5,75.4,57.7
16.441,81,182,81.4,58.5
16.219,67.6,173.8,74.3,56.6
19.194,55.7,171.1,68,54.2
18.189,67.1,170.1,71.9,54.7
18.208,76,181.8,77.1,60.8
17.397,92.5,186.8,96.5,57.7
16.654,58.8,163.7,68.9,58
16.556,66.7,170.4,71.8,57.5
16.605,66.2,165,74.9,58.1
17.926,69.9,174.8,79.3,60.5
16.915,74.7,177,75.5,56.6
16.778,85.7,179.1,82.8,61.2
18.295,72.5,180.7,73.9,58.1
16.761,64.2,176.8,75.3,57.8
17.972,71.2,175.1,77.4,57.9
18.273,58.8,174.8,69.3,55
17.397,59.7,170.5,69.2,59.6
18.778,90.7,179.4,94.4,58
18.879,79.6,178.5,91.5,56
17.882,98.2,181.4,91.1,61.3
16.632,68.1,175,74.1,56.8
9.399,32.6,132.7,62.2,53.6
11.246,33.5,139,61.7,52.3
11.172,27.7,134.5,52.4,52.5
7.336,27,131.5,55.4,54.4
8.852,30.7,133.6,57.7,51.2
11.873,36,146.8,60.5,55.7
10.86,30.2,136.9,56.4,51.6
12.287,35,141.2,58.9,52.6
9.441,36.1,140.8,62.6,56.4
8.427,29.5,135.8,55.6,53.7
18.098,73.4,182,81.9,55.1
9.43,31,140.8,71.6,54.7
9.241,32,138.4,60.6,48.4
9.671,31,139.4,56.7,55.2
9.408,48.3,136.8,85.7,53.2
8.961,27.3,136.3,54.9,54.6
10.221,32.9,139.1,57,52
17.098,63.8,172.5,76.4,56
15.863,60.1,176,66.8,54.1
15.709,56.7,176.4,73.1,56.8
17.413,66.6,166.7,81,57.6
17.287,74.6,179.7,79.1,54.7
15.673,54.4,162.1,71.5,57.9
15.923,94.8,188.3,96.5,58.3
18.254,68,174.4,77.9,56.8
16.939,56,168.5,69.2,55.7
14.723,50.8,163.5,68.7,54.6
16.106,66.1,180.1,73.3,57
18.049,61.2,176.9,70,56.3
17.671,75.3,173.9,81,57.1
16.652,67.4,174.4,75.2,55.3
16.397,69.9,175.9,73.1,56.7
14.706,46,163.1,66.3,54.6
14.813,42.7,162.2,63.1,55.2
15.926,51.1,160.6,69.4,52.5
15.227,52.9,156.2,74.4,52.4
17.476,50.3,165.9,66.2,55.7
14.906,58.7,167.8,72.9,54.8
17.399,60.2,165.7,71.1,54.4
15.55,41.4,150.3,69,50.7
16.268,54.6,163.4,75.6,54.4
14.964,57.7,165.6,73.8,55.8
17.476,36.4,149.1,64.7,50.6
15.69,52,159.4,66.1,51.6
14.876,59.1,150.4,83,56.8
16.038,50.6,159.2,65.7,53
15.358,47.7,152.7,69.2,52.8
14.778,49.2,168,64.6,52.4
15.06,54.3,159.9,72.3,53.9
15.671,42.1,153.8,68.4,52.6
17.117,60,172.5,76.4,57
16.52,57,160.5,77.5,51.6
16.052,56.5,169.7,74.5,54.4
15.367,54.7,157.7,82.5,53.3
15.032,39.9,160.4,66,51.4
15.049,64.5,171.3,76.8,53.2
15.073,45.9,171.7,62.8,53.1
15.345,53.7,163.8,73.7,53.8
15.66,49.8,159.1,66.6,53.1
16.802,50.4,155,70.5,53.1
16.035,48,161.2,70.8,52.3
16.268,53.7,165.1,67.8,54.4
16.328,67.8,165.3,86.1,53.8
14.416,54.8,160.7,68.5,54.6
13.772,54,159.6,67.5,54.9
13.123,38.9,153.5,60.5,54.6
11.994,37.7,149.7,61.2,54
12.284,41.6,152.6,67.6,54.8
13.032,40.5,150.9,61.9,52.7
13.123,38.1,145.6,67.5,52.6
13.189,40.1,147.4,62.3,54.7
12.26,37.2,151.6,61.8,54.1
13.243,37.5,144.4,62.3,51.2
14.095,68.4,175.5,77.5,58.5
12.216,35.4,142.3,61.5,53.9
13.095,49,163.6,71.1,56.1
14.164,40.5,151.6,64.6,53.2
12.632,40.5,154.5,65.5,53.5
14.479,35.5,145.6,60.8,53.3
12.504,35.5,147,58.8,53.4
12.399,35.9,146.3,61.1,53
14.665,51.8,167.4,68.1,54.2
13.682,62.3,170.8,72.9,54
12.276,30.9,142.1,58.1,52.6
11.81,33.4,148.7,58.8,54.1
12.756,46,155.3,67.3,55.1
13.498,74.4,178.9,81.2,56.9
10.293,34.1,140,57.5,49.8
12.109,28,138.5,51.1,52.3
11.632,33.2,141.8,61,48.5
10.726,34.1,136,58.9,52.9
9.863,24,131.4,50.1,52.5
9.378,37.2,146,66.8,52.7
11.791,30.3,139.5,58.5,50.4
10.208,30.8,144.5,59.8,52.6
10.747,49.3,148.2,79.6,51.8
9.854,34.8,142.8,63,49.9
10.43,35.7,141,66.8,56.5
11.101,60.2,141.7,92.3,54.5
18.189,77.3,167.6,94.3,55.2
19.246,52.6,167.5,60.1,53.6
18.408,42.4,164.2,67.7,54.1
17.556,51.7,159.6,70.1,54
6.756,24.8,127.9,54,49.7
7.199,15.4,108.5,46.8,48.7
16.276,68.2,173.9,73.4,56.3
10.819,34.5,146.9,56.8,53.1
12.81,37.1,151.2,62.2,53.6
7.621,23.4,121.5,53,51.7
7.117,24,119.5,50.7,51
15.778,46.6,157.2,61.1,54.3
17.49,57.8,162.3,82.1,54.5
16.169,58,159.9,76.1,54.9
17.608,52,161.7,71.8,53.3
16.572,49.2,157.5,67.3,54.4
16.268,46.3,153.5,67.9,51.7
8.624,41.8,135.9,77.7,52.7
8.583,37.8,138.3,65.6,52.8
9.558,35.7,132,70.3,53.5
10.706,28.5,133.3,60.2,51.1
15.802,58.8,163.8,73.6,54.2
15.852,53.5,168.1,71.1,52.4
14.558,51.7,164.4,68.9,52.9
12.55,55.3,160.8,74.2,55.2
14.945,49,154.2,68.4,50.5
12.498,32,144.9,57.8,52.1
13.468,66.1,161.1,82.9,56.2
14.326,53,156.4,73.4,56.2
12.745,31.8,141.3,56.7,52
11.539,28.7,138.2,55.1,51.3
12.397,34.2,140.1,59.1,53.5
16.331,39.5,150,65,52.4
13.065,46.9,163.4,68.9,55.2
12.473,27.3,133.3,52.4,51.1
14.115,55.1,159.5,72.2,53.5
12.953,69.7,159.5,86.8,53.6
13.473,45.5,153.3,62.7,52.1
14.249,63.1,159.3,81.6,52.7
6.104,19.6,113.6,49.5,48.8
6.306,18.6,114,50,51.5
6.608,21.5,120.6,50.8,50.7
6.339,25.2,122.1,55.6,50.5
5.978,21.6,116.8,52.5,49.9
8.484,23.5,123.4,52.9,49.6
7.89,22.6,125.5,52.5,51.9
8.238,26.7,122,58,51.5
8.205,29.5,129.5,61.2,53.1
9.438,30.2,132.1,60.8,53.1
7.389,20.9,117.6,51.7,49.1
7.147,23.3,118.5,55.2,49.9
8.934,22.9,126.7,55.5,49.9
8.964,22.2,117.8,50.2,50
13.238,42.8,155.4,62.7,53.2
14.61,54,162.5,67.2,56
13.183,43.9,160.4,63,52.1
13.161,42.7,151.6,65.9,54.6
12.583,57.1,169.3,70.7,53.9
14.515,71.5,169.5,81.8,57.9
13.504,51.7,169.1,67.3,54
16.035,58.4,174.6,70.2,56.6
12.939,35.3,143.6,64.5,57.1
11.572,44.7,144.4,67.5,54.2
11.69,36.6,145.5,61.5,53.9
12.61,47,143.2,77.2,54.1
13.372,52.1,158.5,72.7,55.2
14.126,60.1,156.4,86.3,55.4
13.487,47.6,154.5,65.6,55.4
12.986,55.8,159.1,75.8,53.8
13.282,34.6,144.7,60,55.4
14,42.1,153.3,65.1,53.8
14.778,38,148.5,60.3,53.6
14.312,51.9,169.1,69.3,55.5
13.747,42.4,151.8,66.5,53.1
13.679,60,167.1,80.7,55.7
13.057,56.7,159.1,72.5,55.9
13.353,40.5,163.5,61.1,55.6
15.312,55.2,168,69.6,54.6
14.808,48.3,159.8,64.4,52.3
13.786,48.7,155.4,68.9,52.2
13.712,39.8,145.9,65.2,53
14.134,43,160.1,64.8,54.7
15.315,66.6,167.5,74.8,54.3
14.928,59.5,178.6,72.2,58.1
15.421,55.8,158.9,72.5,53.9
15.347,44.8,159.8,66.4,54.2
13.6,48.9,159.7,69.3,52.8
13.654,41.5,157.3,64,53
12.676,41.4,157.8,61.7,54.7
12.865,50,160.2,65.8,53.3
14.868,55.5,157.9,73.5,54.7
13.084,39.3,150.8,64.9,55.5
14.432,44.7,153.7,66.8,51.6
14.216,58.5,157.9,74.7,55.8
14.142,59.6,165.5,71.6,53.1
13.115,67,160.2,78.4,57.7
14.824,54.3,168.2,68.4,54.4
13.805,39.2,151,61.8,53.2
14.227,56.4,158.1,74.6,54.6
14.706,48.2,169.6,66,53.5
14.75,51.9,169.1,68,56.1
14.86,43.1,151.5,64.3,53.4
13.106,50.3,157.6,68,53.1
13.413,44.9,160.8,65.6,53.8
13.23,53,160.4,73.3,53.3
12.66,37.4,145.6,57.6,52.5
13,37.8,153,63.2,52.1
12.895,47.2,161.7,66.2,54
14.402,45.6,155.4,67.7,53.4
12.989,38.2,140.6,64.8,51.8
15.287,47,166.2,64.6,53.2
15.205,69.4,156.6,84.6,52.6
15.328,63.5,167.3,81.4,55.6
16.906,50.5,169.5,68.2,54.1
14.635,61,162.9,71,54.7
15.071,54.3,168,70.2,56.9
13.019,38.5,150.2,62,54.5
14.109,63.8,168.6,71.5,58.2
14.002,43.1,156.9,59.9,55.1
14.29,54.2,165.3,69.5,54.3
13.75,50.6,151.5,77.3,53.8
14.002,69.2,173.2,79.2,57.9
13.509,48.1,155.8,66.9,55.2
15.487,47.8,149.3,66.4,55.1
14.186,58.4,171.1,66.5,57.7
14.345,57.9,175.6,69.1,54.9
13.736,37.7,154.4,60.3,55
15.301,43.1,154.9,57.8,53.9
14.863,51,168.9,65.3,53.9
13.364,49,164.7,72.1,51.9
10.063,27.4,126.5,55.7,53
9.956,32.2,137,59.3,54.1
10.052,28.5,129.9,53.4,50.9
10.904,54.8,156.3,70.2,56.8
9.994,32.2,132.7,61.2,53.1
10.643,40.7,148.8,57.5,54.7
9.991,39.5,142,72.6,54.6
10.021,42,139.9,77.4,55.3
7.764,22.8,125.5,51.5,50.3
5.731,24.6,111.5,56,52.7
6.101,15.1,104.7,46,50.7
6.567,21.8,117,55.5,48.2
9.619,46.9,150.4,74.6,56
11.457,36.8,148,60.6,52.9
10.813,40.9,145.3,69,53.7
11.09,39.1,141.5,68.2,52.1
12.295,32.3,143.7,60.6,52.2
8.386,26.6,122.3,56.5,49.5
9.663,30.8,132,56.6,51.8
9.38,26.3,131.7,55.3,53.9
11.673,43.4,148.5,66.2,55.2
10.863,57.9,145.8,88.6,54.4
11.191,36.2,141.9,59.4,54.8
11.246,37.7,141,61.1,54.4
11.641,35.2,144.5,63,54.8
10.805,37.5,140,61.5,55.2
6.671,21.4,117.7,51.3,50.4
6.268,22.6,117,53.9,53.3
8.663,31.5,125.4,64.3,51.7
8.572,24.4,126.5,54.6,50.3
7.98,23.8,123,56.2,53
7.98,27.3,128.5,54.8,50
7.89,38.5,134.2,64.4,53.1
6.309,21.2,116.4,49.5,51.2
6.501,22.9,119.3,54.7,50.4
9.498,30.5,137.4,58.1,51.2
9.476,28,129.7,57.6,52.3
9.427,35.6,143.3,59,58.2
9.986,34.9,142.5,61.2,52.9
10.602,32.1,138.7,56.9,52.9
10.312,25.4,132.9,54,51.1
10.627,34.1,144.4,60.1,51.7
10.402,32.3,138.1,56.7,51.7
6.739,19.8,119.5,48.9,48.8
5.972,20.4,113.7,52.6,50
7.945,27.9,125.4,57.7,52
8.534,35.1,132.2,66.8,53
8.227,25.7,132.7,53.6,52.8
8.654,29.3,131.6,56.9,54
6.709,17.4,108.9,49.2,50.2
7.158,24.9,127.3,55.6,51.8
7.254,40.5,125,78.9,53.2
9.254,30.4,127.6,62.2,51.4
9.101,27.1,133.9,55.9,52.4
10.032,40.7,145.2,67.5,53.9
10.032,27.8,136.6,53.9,53.4
10.38,30.1,133.9,55.8,53.7
7.26,26.3,122.8,57.5,52.3
7.109,23.6,124.3,56.6,52.9
7.109,22.2,121.2,50.9,49.1
7.408,21.2,117.2,51.7,51
9.339,37,138.4,62.4,52.1
5.893,20,114.7,52.2,49.3
5.917,18.4,115,48.4,50.4
6.104,21.9,116.9,53.4,51.1
9.402,27.7,128,52.9,50
8.89,26.6,128.4,54.4,52.9
9.109,33,142.2,59.6,53.3
8.797,27.8,129.4,57,51.6
9.224,28.8,134.5,55.2,52.7
7.068,36,133.2,68.3,52
7.534,20.9,118.3,51.5,49.5
6.767,21.3,117.6,55.5,51.2
7.657,35,128.5,65.7,56.2
7.29,23,119.2,55.9,50.7
7.331,25.6,121.6,57.1,53.6
8.86,23.4,128.9,48.7,50.6
9.484,26.7,138.4,65.9,52.5
7.216,25.5,127.9,52.7,54
6.49,18.8,119.2,50.2,51
8.178,30.4,135.2,57.2,56.8
7.939,25,127.5,55.2,51.9
10.805,37,143.4,67.5,52.9
12.156,40.6,148,63.3,54.2
13.172,40.1,149.6,65.3,54.5
6.391,22,118.5,54.3,51.2
6.621,19.4,118.6,50.6,48.7
6.657,24.6,125,52.5,53.8
15.238,55.7,170.2,68.3,57.2
15.254,60,170.6,75.6,56.1
16.78,53.2,171.6,66,54.1
15.169,55.6,167.3,70.8,56.2
14.558,73.5,169,88.1,55.3
15.334,57.3,172.4,69.2,54.7
14.95,54.8,174.6,65.1,57.9
18.065,61,183.6,70.8,57.9
10.194,25,133.8,53.5,49.6
10.449,35.2,140.6,65.3,52.7
10.413,34.1,133.1,68.9,53.3
17.698,68.7,175.4,78,57.7
8.399,34.3,134.4,59.5,52.9
8.265,32.8,139.3,55.9,54.8
8.849,28.3,139.5,55.4,51.9
8.753,22,120.9,50.1,48.6
9.326,22.3,125.8,53.2,53.8
11.268,39.2,147.3,63.5,52.8
11.358,41.4,140.6,68.7,55.1
9.616,26.3,131.7,55.1,51.7
12.202,31.8,142.8,61.5,52
9.378,34,140.7,63.5,52.9
11.082,34.8,141.2,63.1,53.6
11.079,30.5,141.6,57.2,53.2
7.712,33.3,130.9,62.5,53.9
13.517,51.9,161.1,75.3,56.7
12.386,38.8,150.1,60.5,53.8
12.498,42,157.2,63.2,53.6
13.619,46.3,152.2,63.4,55.9
12.879,42.9,158.6,66.9,52.8
13.183,37.4,147.4,64.4,51.6
13.32,51.4,155,70.8,55.6
12.772,52.2,158.3,67,55.7
12.865,49.8,162.5,69.3,55.6
13.41,40,154.7,61.9,55.9
13.569,55.6,164.7,69.4,53.2
11.884,64.9,156.7,84.3,55.3
12.589,39.2,147.6,66.5,53.4
12.265,36.6,149.2,59.7,51.8
12.761,34.6,147.5,57,52.8
13.964,45.2,154.2,66,53.7
13.556,40.4,156.4,59.8,55.4
12.578,34.1,150,57,53.1
12.904,44,156,63.4,52.4
12.347,39.1,152.7,64.5,56
13.663,56.6,159.9,72.3,55.8
12.402,54,155.6,73,57.4
14.038,43.4,159.8,64,54.5
14.205,47.9,163.9,64.2,53.3
15.147,79.6,170.8,80.5,56.5
15.082,53.3,166.2,65,55.7
11.389,30.6,141.4,56.4,55.6
13.232,45.5,163.1,65.7,57.8
14.449,41.9,158.7,62.2,54.2
16.126,75.7,181.8,77.4,58.5
17.635,80.2,178.3,84.8,56.9
16.947,54.8,162.2,69.5,53.5
16.739,66.2,183.2,71.7,58
18.315,93.6,179.4,89.3,59.3
16.698,65.9,176.1,75.9,56.4
15.989,74.3,169.5,83.2,56.5
16.879,67.6,177.6,76.6,56.9
18.134,79.9,168.1,91.1,55.7
18.72,80.7,186.4,85.4,58.3
18.049,52.8,160.6,68.8,54
9.15,27.6,137.8,58,52.3
8.432,22,124.8,49.4,49.4
6.506,21.9,118.7,49.7,50.3
6.169,17.9,112.7,50.6,50.6
10.912,25,134.7,52.8,49.4
11.257,31.7,144.8,57.5,50.4
11.282,39.3,147,65.7,52.8
11.309,29.5,137.3,59.6,51.2
11.419,38.1,154.4,58.7,53
12.304,38.4,157.2,61.8,55.5
13.008,44.6,150,66,55.1
14.402,46.8,150.5,69.9,54.1
12.706,43.2,151.5,61.2,51.4
12.279,44.1,155.2,63.9,54.9
12.189,36.7,147.8,61.3,51.4
11.676,35,141.7,61.1,51.6
12.961,40.3,155.1,62.9,51.1
13.139,43,154.6,67.4,53.3
12.794,48.3,153.9,64.9,54.5
12.747,54,165.6,68.2,51.6
12.873,34.5,150,64.8,52.2
14.583,54,169.2,70,51.6
13.706,52.6,169.7,75.3,53.1
13.671,62.8,168.1,78,54.4
12.139,54.9,159.5,70.2,53
11.731,35.5,140.9,66.2,52.7
14.419,37.3,148.4,58,51.4
12.78,52.3,150.2,75.5,53.6
12.498,45.2,160,65.3,53.6
12.441,35.7,146.7,58.6,53.2
12.115,45.9,153.7,61.1,53.9
12.663,47.7,159.7,63.4,57.2
12.178,52.7,154,73.1,54.2
14.353,67.4,168.1,81.4,53.8
12.101,36.5,153.3,59.2,53
14.024,51.1,161.1,74.8,53.9
11.742,32.4,136.3,55.5,52.4
11.917,43.3,145.1,64.9,52.9
12.682,39.2,146.6,63.4,53.1
12.627,43.3,156.9,65.6,54.2
12.676,54.6,158.4,77.1,54.6
13.621,43,157.3,62.9,53.2
14.682,61.7,169.6,80.1,55.1
12.572,37.4,146.9,66.2,52.4
14.561,58.8,157.8,75.1,53
12.824,50.8,159.9,71.4,52.1
13.041,47.2,154,71.8,54.9
13.649,41.4,168.4,62.9,52.1
12.728,33.7,145.6,58.6,51.7
12.161,37.4,154.2,62.2,54.6
12.057,35.4,148.6,58,52.6
13.589,39.4,144.6,62.1,52.8
12.723,46.8,151,72.1,53.2
6.704,27.5,125,55.2,53.3
7.38,21.8,125.5,49.6,50.8
7.21,21.5,118.8,54.1,51.4
7.597,21.8,124.8,46.2,53.7
7.857,29.8,136.3,57.6,53.4
7.493,23.2,116.1,56,50.3
8.402,22.7,122.9,54.9,49.4
8.665,19.6,120,49.1,48
8.698,22.8,122.5,51.3,51.7
9.076,23.5,128.4,52.7,49.9
8.802,21.2,120.3,51.6,50.7
9.356,39,142.2,65.1,54.8
8.961,25.9,134,51.7,50.2
9.024,29.7,127.1,58.6,52.8
9.778,27.9,127,55.4,52.6
10.356,33.8,148.6,59.4,53.6
9.731,36.3,133.5,67.1,52.8
10.087,41.4,139.8,69.7,53.4
6.871,19.2,116.3,47.9,52.2
11.536,34.4,145.2,62.5,53.2
11.243,32.1,142.6,56.3,52.1
6.15,25.3,124.6,52.6,53.9
5.887,17,107.4,49.9,49.8
9.624,39,139.3,68.7,54
15.435,71.4,183.6,74.8,57.2
14.991,47.5,158.8,69.2,53.9
14.583,46.5,164.4,61,57.7
13.556,55.9,159.1,69.1,53.9
14.123,43.5,147.6,70.9,55.9
13.284,35.7,146.1,60.5,52.2
13.649,48.4,151,74.7,53.8
14.857,65.5,171.9,70.4,55.4
15.402,50.4,168.8,68.6,51.9
14.901,69.5,176.1,73.4,55.5
15.18,65.5,177.4,70.7,57.4
15.186,62.5,177.6,74.7,54.9
14.265,58.6,161.9,76.4,53.5
12.841,36.7,143.8,61.7,52.6
14.953,59.9,166.5,73.6,56.2
14.397,67,172.5,71,57.9
5.191,19.8,110.7,54.7,50.2
4.613,20.8,107.5,56.7,50.8
4.786,18.7,105.8,49,50.3
4.926,17.5,108.7,46,48.6
4.635,14,99.6,49.5,48.8
4.926,19.1,108.4,49.4,49.4
4.09,16.3,105.2,48.1,50.3
3.643,15.5,99.1,50.4,49.5
3.6,17,100.6,52.8,51.7
3.049,14.3,95.1,50,50.4
3.602,13.3,92.7,47,48.9
5.523,15.2,101.8,49.1,49.4
4.263,17.5,106.5,48.7,50
6.279,20.8,116.4,48.8,49.6
5.202,20.8,112.2,56.9,51.2
5.383,18.8,111.4,48,47.6
3.12,14.5,94.4,47.4,48.5
3.641,13.8,98.9,43.5,47.2
3.794,12,93.6,42.8,46.2
2.66,12,89.5,44.3,45.2
5.81,20,112.4,51.3,51.7
5.682,16.7,105.8,50.8,48.2
5.594,19.4,116.5,50.8,51.4
4.972,18.2,108.7,48,50.2
5.032,17.2,108.3,46.9,52.3
3.526,14.7,94.6,46.8,48.7
4.399,16.5,101.9,47.9,51
4.238,21.8,110.6,54.2,52.1
3.087,15.2,92.9,53.2,50.2
3.547,13.2,96.1,45.9,50.8
2.923,13.1,97.2,44.7,48.1
6.438,21.4,117,53.4,52.6
5.156,20.9,109.7,53.1,50.6
4.298,18,109.2,48.4,50.6
4.797,19.7,109.9,51.7,50.6
5.882,15.6,104.9,45.1,48.8
4.646,14.1,96.5,45,49.8
4.761,17.8,104.6,50.8,51.4
4.821,18.8,109.3,51.5,52
3.641,13.2,98.7,46.1,49.9
4.887,17.1,101.7,48.2,47.1
2.665,13.9,89.3,49.2,49.5
6.764,21,114.7,53.3,51.1
7.005,21,112.4,54,50.2
5.687,15.3,103.3,48.2,49.6
8.536,25.1,129.8,52.3,53.5
5.038,18.9,110.4,51.1,50.8
5.161,16.3,103.4,46.8,49.9
4.093,15.9,99.5,46,50
4.013,17.6,103.5,52,54.4
5.013,16.3,104.5,48.6,50
5.854,22.2,118.7,51.6,54
4.863,17.8,107.6,47.7,50
11.843,32.2,138.7,58.2,52.8
11.942,35.6,147.8,57.8,53.3
10.567,42.9,143.6,66.5,54.3
10.991,40,141.4,66.4,51.2
11.476,29.1,140.2,55.4,50.4
10.665,30.3,131.5,59.3,56.3
11.279,30.1,135.1,57.2,51.6
11.194,27.4,138.7,55.1,52.3
11.427,32.8,137.6,62.3,53.8
6.468,21.8,116.4,51.6,51.5
6.465,20.3,117.5,49.7,51
12.441,31.9,143.4,54.6,54.3
6.879,22.2,115.4,50.9,52.7
9.849,25.7,130.1,55,54
9.515,26.6,125.9,55.8,53.1
9.03,24,129,52.5,50.4
10.879,31.5,133,60.1,52.9
9.301,28.8,128.2,56.1,50.1
8.769,32.8,136.5,60.1,54
10.69,41.7,153.3,69,53.8
11.454,42,154.4,64,55.1
11.312,41.5,145.4,70.9,53.1
10.81,56.8,152.8,86.1,54.4
11.216,34.4,141.3,59.1,53.5
11.027,32,144.4,58.2,51
9.03,26.8,133.2,53.6,49.9
7.021,25.6,124.9,58.5,52.4
8.663,36.9,137.3,70.2,54.3
5.884,16.9,107.7,47,51.1
6.309,21.3,121.7,51,52.8
6.671,22.5,116.9,56,50.9
6.917,18.9,115.6,49,52.3
7.241,21.7,116.9,56.5,51.4
9.21,32.7,139.6,62.4,52.2
8.967,20,125.2,51.2,49.9
8.142,28.8,128.7,57.1,53.2
6.306,20,115.2,52.6,50.4
5.802,23.4,121.3,53.4,51.1
5.772,16.3,107.9,45.4,49.5
8.936,30.4,137.4,60.4,54.6
9.364,34.8,136.3,69.1,51.8
11.249,39.3,144.5,63.9,53.1
11.235,38.9,151.5,66,53.6
10.69,33.4,136.9,62,53
10.032,41.3,131.8,72.6,53.8
9.989,22.6,130.1,56.4,51.4
9.956,26.1,138.6,52,52.4
9.813,27.4,135.6,61.6,54.2
10.32,29,136.1,53.8,51.9
10.147,27.8,131.3,54.2,52.9
7.873,29.2,129.9,55.5,54.6
9.345,28.3,129.8,58.2,51.2
7.668,20.9,120.6,54.9,51
6.926,21.8,125.9,50.3,51
7.243,24,125.4,58.5,53.7
6.728,22.8,120.8,54.9,50.2
8.213,34.4,131.8,69.8,55.3
10.904,35.3,142.1,59.5,56.2
7.975,25.2,127.5,55.5,50.8
4.082,16.3,101.9,51,50.8
3.917,15.6,100.2,49.1,50.3
5.438,15.4,102.4,49.6,50.3
4.704,16.2,107.4,45.9,50.7
7.326,21.2,119.5,54.2,51.2
8.632,37.7,140.6,71.1,54.1
5.8,26.2,118.1,62.8,51.7
6.627,21.3,118.2,53.9,50.1
2.402,15.3,88.1,53.1,48.2
2.539,14.7,93.5,50.5,49.8
3.243,12.5,90.9,45.3,50.1
4.197,17.9,103.8,52.8,50.4
4.432,13.2,99.9,45.9,49.6
3.893,16.1,102.2,47.9,49.8
4.087,15.7,94.9,48.9,50.5
2.61,14.6,93,50.5,48.8
2.493,13.7,92.6,45,49.7
5.104,16.3,105,51.8,51.5
5.797,18.4,111.4,48.4,49.3
4.898,15.7,98.2,51.7,50.6
5.797,22,116.6,56.9,52.2
4.413,13,95.7,46.8,49.7
4.336,13,96.7,44.4,47.3
5.216,17.8,112,49.2,52.8
3.8,16.3,101.3,50.1,50.3
2.75,16.4,97.2,51.4,51.6
3.027,14.8,94.9,48.2,47.7
13.463,42.1,155.3,63.6,54.8
14.424,73.2,169.6,82.5,56.4
14.323,60.1,172.4,69.7,57.1
15.09,49.9,172.2,63.1,55.6
13.394,41.8,159,63.4,54.6
13.561,41,145.4,66.6,53.4
16.843,70.7,180.8,76.5,57.9
16.619,55.1,176.5,71.5,53.1
16.112,59.6,163.2,78,55.7
14.232,71.1,159.2,89.7,57.2
11.284,44.2,140.9,75.1,54
14.673,50.7,163.7,70.5,56.4
16.424,60.9,174.3,77.9,57.2
17.049,69.6,180.3,77.8,55.3
17.342,51.8,158.4,69.8,57.4
17.717,74.8,185.3,76.3,57.9
16.235,59.7,169.5,71,54.2
15.161,52.1,158.7,71,54.7
15.378,63.4,174.3,74.8,56.6
15.632,71,177.4,80.7,58
12.304,68.6,172.4,81.3,58.4
15.446,105,175.4,109.4,58.1
15.082,64.3,173.6,73.4,54.8
16.035,67.8,175.4,82.6,56.1
14.241,70.2,169.1,90.9,56.7
15.238,62.1,168.6,80.2,54
15.21,57.6,166.9,72.7,55.7
12.068,46.4,145.4,77.1,54.1
14.676,35.6,149.6,59.7,54.1
12.506,37.8,146.3,63.7,53.4
12.21,51.2,160.5,69.9,55.3
12.454,45.8,157.1,67.1,51.4
11.597,39,146.6,64.9,57.7
13.221,58.5,164.5,80.6,53.9
13.46,69.4,164.6,85.3,54.9
11.378,38.4,146.2,62.4,52.5
15.005,58.8,176.3,68.6,56.3
16.32,70.8,183.1,72.9,56.4
17.871,83.2,193.1,81.5,58
11.942,31.5,137.5,60.6,54
12.082,42.7,151.1,65.7,54.8
12.638,38.8,143.2,61.6,53.5
10.997,29.8,139.8,56.4,51
12.465,47.1,160,63.7,53.5
7.01,21.8,123,52.8,51.9
11.739,51.1,151.8,68.4,53.5
12.898,36.8,148,62.5,54.7
10.838,44.1,145,72.5,55.3
14.123,39,144.4,68.6,51.3
12.704,33.7,145.1,62.3,53.7
12.383,49.3,160.1,67.9,53.3
13.038,48.3,162.2,65.2,53.8
12.726,43.8,157.6,63.2,52.5
13.15,47.3,153.5,65,53.6
13.054,40.6,151.5,61.9,53.2
12.367,37.8,145.8,60.3,53.6
11.912,47.1,145.7,74.5,53.9
12.841,44.9,153.8,67,52
12.857,46.2,164.5,67.7,53.5
13.09,39.6,151,65.7,52.2
12.931,57.5,162.4,69.2,54.5
13.013,46.6,156.8,70.6,54.9
12.983,45.3,157.8,64.3,52.9
15.079,56.7,159.6,71.6,55
14.315,48.8,156.1,68,53
14.019,44.8,160.7,61.5,53.8
14.115,52.7,165.2,67.5,53.8
14.186,49.2,163.1,62.1,55.6
13.569,39.7,155.2,60.6,52.9
13.701,52.9,158.7,70.4,54.9
13.972,49.3,164.4,72.6,54.4
13.797,40.8,158.9,62.7,54.6
13.558,38.4,135.4,71.9,50.8
13.753,62.2,167.5,71.7,54
13.55,54.4,162.8,74,54.1
13.873,45,161,62.3,53.3
15.331,50,154,63.7,53.1
13.279,44.9,150.1,62.3,53.9
13.158,52.7,165.1,71,54.3
13.252,50,158.5,63.7,53.3
14.306,60,171.7,70.7,55.2
13.761,57.5,159.3,72.8,52.1
14.049,45.6,159.6,63.3,54.9
14.191,60,162.5,71.2,54.5
14.531,60,162.7,77.7,54
14.394,42.1,157.6,58.8,54.3
12.887,40.9,150.5,63.3,53.9
12.852,45.3,157.2,64.8,53.2
12.531,54.2,149.4,76.1,51.5
12.947,37,149.3,56.9,50.4
14.013,43.5,152.6,67.9,53
14.463,54.2,167.3,67,54.7
13.712,58.8,158.3,75.2,55.3
12.991,43.9,151.3,65.8,52.6
13.32,42.5,153.5,69.5,53.5
12.731,45.2,154.2,66.8,52.9
13.969,40.9,158.3,61.3,57.3
14.427,57.7,174.4,74.8,54.5
13.46,36.7,153,60.4,53.5
14.504,54,165.3,70.5,54.7
15.542,47.8,169.5,67.9,53.4
14.18,69.7,174.3,80.4,56.3
14.263,59.6,173.4,68.8,56.7
14.608,65.6,173.8,74.2,54.5
13.904,51.1,165,66.5,55.9
13.427,65.8,169.2,76.4,55.4
12.627,50.6,160.8,69.2,55.5
13.128,52.4,152.5,73.2,53.9
14.095,48.6,164.5,66.3,52.3
12.632,37.9,154.1,59.7,54.6
13.778,55.1,164.9,68,54.3
14.263,52.7,170,70.2,53.2
13.75,41.4,157.6,59,53.9
13.591,55.8,170,70.2,56
13.608,49.8,165.6,61.3,53.3
13.315,46.7,151.1,65.8,52.7
12.553,46.9,152.9,68.4,54.8
12.786,42.9,149.9,66.8,56.8
13.408,48.6,154.6,75.7,56.7
12.802,51,151.2,79.4,51.8
13.832,37.8,149.3,63.1,54.8
13.043,48.6,167.1,64,54.8
13.178,56.4,169.1,69.9,54.6
15.687,79,178.2,86.5,58.5
15.421,56.7,170.7,68.4,54
13.471,37.2,142.9,63.5,53.8
11.495,43.1,148.6,70.6,55.2
11.778,41.2,147.5,67.3,53.1
10.873,28.7,140.5,57,52.6
12.41,39.8,149.2,64.4,55
11.246,28.5,134.5,53.8,50.9
11.841,29.3,141.7,53.9,51.3
12.495,43.5,147.1,67.4,52.2
16.427,59.8,164.4,68.7,56.3
12.38,39.2,148.3,60.9,54.5
12.265,50.8,152.2,73.2,55.4
16.917,64.6,159.2,77.5,54.9
12.912,59.8,164.6,76.2,55.2
10.778,39.6,150.8,63.1,52.1
10.21,36.6,149.6,63,54.9
10.317,51.6,148.1,76.3,55.4
10.312,27.9,139,53.3,53.9
9.978,33.1,135.4,64.1,51.4
9.389,39.8,137.1,66.5,52.2
7.972,24.6,119.6,56.3,52.9
11.216,32.7,134.3,63.2,53.3
11.01,30.9,141,59.3,53.6
11.652,34.1,136.9,61.5,50.9
11.199,36.7,151.1,60.8,51.8
10.89,31.7,142.6,58,51.9
10.95,41.8,144.2,64.6,54.7
11.008,32.4,137.5,61.4,54.5
10.893,31.7,136.3,59.1,54.2
10.375,44.9,138.1,83.2,56.1
8.29,28.8,129.5,58.7,52.7
4.772,16.1,105.3,50.5,49.6
7.284,23.5,126.3,53.1,53.3
11.315,27.3,144.2,53,51.6
10.539,38.2,144.5,66.3,52.2
12.098,29.5,139.7,59.3,53.1
13.068,56.6,170.3,72,55.3
14.413,60.9,162.4,70.8,58.6
10.816,35.1,140.4,62.5,52.1
13.175,53.2,157.7,71.6,56.3
15.394,46.9,161.2,65.8,56.3
12.052,34.8,148.9,58.1,50
12.342,40.8,154.1,60.9,52.3
10.906,38.3,138.5,62.9,53.4
7.054,22.4,120,55,53.8
11.093,55.8,152.7,79.2,52.1
12.808,56.4,156,76.7,54.5
11.816,59.5,150.8,84.3,53.7
16.632,65.1,163.9,73.8,54.6
13.147,38.9,147.3,61.7,51.9
12.928,42.1,155.9,61.2,53
15.86,64.2,185.2,71.8,57.7
15.254,42.5,159.5,66.6,54.1
16.101,53,173.6,66.3,53.8
17.208,78.8,177,94.1,55.8
17.254,80.5,181.2,88.9,58
15.438,76.7,175.9,81.8,54.8
16.336,55,169.4,69.5,54.1
15.991,49.6,166.9,66.3,54.4
16.643,84.1,173.2,86.8,55.1
15.865,65.2,159.5,85.5,52.8
16.945,58,171.8,68.6,55.8
16.35,84.1,172.4,92,58.7
16.972,89.2,184.4,90.3,58.1
5.772,17.2,107.6,50.6,48.7
8.687,26.9,128.2,57.9,52.4
3.841,17.2,99.4,51.7,50
3.273,15.2,97.1,49.9,49.7
4.726,22.9,114.8,54.7,51.9
4.224,18.4,105.8,52.7,52.3
5.205,17.4,109.5,49.2,52.8
3.315,14.8,96.3,50.4,51
7.35,24.2,124.7,55,54.6
6.287,21.4,117.4,54,51.7
3.21,14.1,94.7,48.3,50.7
5.232,21,115.6,52.7,50.8
5.232,20,109.7,47.8,52
2.575,14.8,95.1,48.7,48.3
6.082,17.9,112.9,47.1,49.8
4.317,19.2,105.2,51.9,51.4
4.706,22.1,111.5,53.1,52.9
4.986,18.8,109.7,52.2,53.6
2.838,12.2,88.4,43.7,49.3
2.52,10.5,87.5,44.5,46.4
2.084,12.1,89.9,47.2,49.6
4.726,17.3,103.9,47.1,51.4
4.835,15.4,104.5,46.2,48.2
3.619,14.6,96.8,44.6,47.3
3.893,14.2,98.7,44.7,49.4
3.665,16.8,97.1,48.2,50.1
5.057,20,109.1,51,52.2
6.249,16.8,113,48.9,48
4.487,16,101.5,46.2,49.2
4.756,14,98.4,43.7,48.6
4.197,18.8,108.9,50.5,51
5.509,19.5,109.5,52.7,53.7
4.564,15.3,99.5,49.2,50.8
2.23,12.9,88.1,45.9,48.5
3.315,14.6,93,50,51.6
2.342,12.2,88.5,44.8,48
2.542,14,93.1,46.1,49.4
3.199,12.9,93.4,42.1,49.3
4.69,13.8,100.8,46.3,48.7
4.8,16.5,109.6,45.9,49.9
3.142,15.5,97.6,51.4,47.2
3.052,16.6,100.4,52.5,48.4
2.057,11.9,85.5,45.7,47.9
5.279,16.4,106.1,48.9,48.6
3.172,13.6,94.6,44.2,47.6
3.624,12.9,94.3,43,48.8
5.158,20.4,113.2,52.6,50.1
4.865,16.1,103.2,45.7,50.1
4.668,15.6,108.1,47.6,51.5
3.454,14.4,97.8,49.5,49.9
5.117,23,115.3,57.8,50.4
5.83,19,111.2,48.3,51.7
3.728,19.3,104.3,55.6,50.3
5.805,21.4,114.3,52.3,52.3
5.854,17.7,109.4,48.8,48.3
7.956,21.4,121.7,53.1,50.7
4.978,15.9,104.1,44.4,48.2
3.843,15.4,99.3,47.9,50.2
3.882,13.6,95,46.2,51
3.882,14,95.9,48.3,51.9
3.917,15.1,98.8,49.1,49.6
4.687,17,109,48.1,50.5
5.471,19.8,113.8,52.1,51
2.482,12,88.9,42.1,49.4
2.12,12.9,87.2,47.9,50.4
6.249,20.8,111.8,50.2,52
4.827,20,109.4,51,50.7
4.493,15.2,105.1,46.9,49.4
3.123,13.2,90.3,46.4,48.4
3.75,14.1,97.5,46.1,47.2
2.827,13.7,93.2,46.3,48.9
3.572,14.8,93.6,48.7,50.7
2.745,10.1,86.6,43.8,46.9
4.901,18.2,106.8,52,50.4
8.005,24.1,123.4,55.3,53.3
4.58,15.1,102.1,44.6,48.1
4.438,16.3,107.7,48.7,49.2
6.367,17.8,118.6,47.1,49.6
5.621,19.2,107.9,51.2,49.3
4.704,20.1,108.6,57.4,52.8
4.131,17.8,100.8,50.6,49.7
5.12,21.7,114.9,53.1,51.2
5.342,20.7,112.1,52.9,51.9
5.495,18.1,110.8,46.8,48.9